CLUSTERID1	CLUSTERID2	ComponentIndex	Cosine	DeltaMZ
1004	1027	1	0.7571	-0.000
308	612	2	0.8159	-410.052
259	1064	2	0.9893	0.000
612	1064	2	0.8197	410.052
259	1145	2	0.9893	0.001
612	1024	2	0.8156	410.052
212	1024	2	1.0	0.000
1024	1110	2	0.7965	93.249
259	612	2	0.8236	-410.052
308	1024	2	0.9873	-0.000
308	1145	2	0.9884	0.000
212	1145	2	0.9879	0.001
259	1024	2	0.9899	0.000
308	1064	2	0.9884	-0.001
530	1145	2	0.9898	0.001
530	1064	2	0.9898	0.000
212	259	2	0.9899	0.000
1064	1145	2	1.0	0.001
530	612	2	0.8181	-410.051
212	1110	2	0.7965	93.250
259	530	2	0.9897	-0.000
1024	1145	2	0.9879	0.000
308	530	2	0.9891	-0.001
212	530	2	0.9891	-0.000
212	612	2	0.8156	-410.052
530	1024	2	0.9895	0.001
308	1110	2	0.7863	93.249
212	1064	2	0.9879	0.000
1064	1110	2	0.7845	93.250
1110	1145	2	0.7845	-93.249
212	308	2	0.9873	0.001
612	1145	2	0.8197	410.052
1024	1064	2	0.9879	-0.000
530	1110	2	0.7876	93.250
259	308	2	0.9913	0.001
259	1110	2	0.7851	93.250
291	294	3	0.9376	-146.034
753	771	3	0.9498	-0.000
297	587	3	1.0	-0.000
220	294	3	0.8991	46.008
221	388	3	1.0	0.000
443	550	3	0.846	-16.000
548	587	3	0.9598	31.994
295	977	3	0.8837	-176.045
388	487	3	0.9631	-146.033
580	771	3	0.9488	14.015
293	977	3	0.7736	-192.064
228	487	3	0.9718	0.002
295	298	3	0.9556	-162.031
444	616	3	0.6954	-121.022
388	753	3	0.9462	-176.046
293	294	3	1.0	0.001
226	297	3	0.9069	30.011
365	444	3	0.7171	65.066
859	977	3	0.7476	-338.099
220	230	3	0.8442	-178.048
294	296	3	0.869	-162.054
229	587	3	0.9464	60.022
220	293	3	0.8966	46.007
293	298	3	0.8596	-178.050
291	293	3	0.9362	-146.035
296	859	3	0.7916	308.088
230	769	3	0.9011	-2.014
231	487	3	0.9678	30.014
388	551	3	0.9339	-176.046
297	548	3	0.9586	-31.994
227	548	3	0.9778	0.001
229	548	3	0.96	28.029
551	771	3	0.9623	-0.001
226	580	3	0.9083	-60.021
859	1153	3	0.7916	-308.088
293	859	3	0.9362	146.035
298	859	3	0.832	324.085
227	487	3	0.9646	-14.009
443	770	3	0.7743	-16.001
230	771	3	0.9628	-14.014
227	229	3	0.9616	-28.028
232	748	3	0.8623	-440.601
226	771	3	0.9151	-46.006
444	553	3	0.691	-121.020
232	769	3	0.7256	17.027
221	228	3	0.9625	-146.035
297	298	3	0.9494	-15.997
753	977	3	0.8467	46.006
229	487	3	0.9611	14.019
294	298	3	0.8596	-178.051
227	365	3	0.8109	-97.088
487	548	3	0.958	14.009
298	977	3	0.8946	-14.014
231	388	3	0.9725	176.047
229	1153	3	0.8386	60.022
229	552	3	0.8821	-35.036
445	550	3	0.7036	65.067
230	770	3	0.9011	-2.013
291	859	3	1.0	0.000
228	771	3	0.9655	-30.011
227	296	3	0.966	31.994
228	297	3	0.9583	46.006
487	587	3	0.9542	46.003
227	445	3	0.8042	-97.088
365	550	3	0.7038	65.067
485	753	3	0.7909	-322.106
296	1153	3	1.0	0.000
221	753	3	0.9462	-176.046
365	1153	3	0.7016	129.083
229	580	3	0.9385	-30.009
444	550	3	0.9755	0.001
295	297	3	0.958	-146.034
226	977	3	0.9719	-0.000
579	770	3	0.7223	17.028
300	616	3	0.8952	-46.005
291	1153	3	0.7916	-308.088
580	977	3	0.8583	60.021
221	230	3	0.9482	-162.032
443	769	3	0.7743	-16.001
293	296	3	0.869	-162.053
226	298	3	0.9274	14.014
580	753	3	0.9338	14.015
232	552	3	0.9116	-14.015
297	977	3	0.8605	-30.011
231	771	3	0.9795	0.000
294	587	3	0.8851	-162.054
388	771	3	0.967	-176.046
551	580	3	0.8634	-14.015
291	977	3	0.7476	-338.099
226	753	3	0.8916	-46.006
221	551	3	0.9339	-176.046
231	753	3	0.9595	0.000
228	231	3	0.972	-30.012
226	231	3	0.9158	-46.006
296	365	3	0.7016	-129.083
228	548	3	0.9635	14.011
298	587	3	0.9494	15.997
579	769	3	0.7223	17.027
443	444	3	0.8398	-16.001
295	587	3	0.958	-146.034
228	388	3	0.9625	146.035
293	1153	3	0.869	-162.053
553	616	3	0.9009	-0.002
226	551	3	0.8962	-46.005
296	548	3	0.9303	-31.994
226	295	3	0.9286	176.044
227	587	3	0.9645	31.994
586	859	3	0.9108	15.994
291	295	3	0.8806	-162.054
445	1153	3	0.6953	129.083
230	551	3	0.9661	-14.014
220	221	3	0.8751	-16.016
227	297	3	0.9645	31.995
294	1153	3	0.869	-162.054
230	753	3	0.9443	-14.014
230	388	3	0.9482	162.032
291	586	3	0.9108	-15.993
230	231	3	0.9585	-14.015
221	231	3	0.9725	-176.047
229	296	3	0.8386	60.022
294	295	3	0.8907	-16.020
231	580	3	0.9548	-14.015
548	1153	3	0.9303	31.994
230	298	3	0.9529	46.005
552	580	3	0.6658	5.027
220	485	3	0.8726	130.043
221	771	3	0.967	-176.046
296	445	3	0.6953	-129.083
229	297	3	0.9464	60.023
487	771	3	0.9635	-30.014
365	548	3	0.8166	97.089
552	579	3	0.8789	14.015
579	748	3	0.8663	-440.601
228	229	3	0.9651	-14.017
226	587	3	0.9079	30.010
769	770	3	1.0	0.001
550	553	3	0.6944	-121.021
291	296	3	0.7916	-308.088
232	770	3	0.7256	17.028
293	295	3	0.888	-16.019
445	548	3	0.8094	97.089
297	487	3	0.9542	-46.003
231	551	3	0.9516	0.001
227	228	3	0.9706	-14.011
444	445	3	0.7179	-65.066
300	553	3	0.8812	-46.003
227	1153	3	0.966	31.994
295	388	3	0.9786	-46.004
232	579	3	0.9135	-0.000
365	445	3	0.9525	0.000
228	587	3	0.9583	46.005
294	859	3	0.9376	146.034
221	487	3	0.9631	-146.033
444	770	3	0.6734	0.001
291	298	3	0.832	-324.085
550	616	3	0.7037	-121.023
221	295	3	0.9786	46.004
220	388	3	0.8751	-16.016
551	753	3	0.9438	-0.000
486	857	4	0.74	0.500
466	688	4	0.7407	106.076
466	486	4	0.7446	-0.501
544	688	4	0.6843	114.589
542	688	4	0.7521	49.534
466	857	4	0.9259	-0.001
721	857	4	0.7533	-0.494
466	721	4	0.7574	0.493
486	544	4	0.7411	-8.012
688	857	4	0.7398	-106.077
466	542	4	0.776	56.542
542	544	4	0.733	-65.054
688	847	4	0.7161	57.022
542	857	4	0.7891	-56.543
544	613	4	0.8526	-2.479
542	613	4	0.6937	-67.533
544	721	4	0.7108	9.005
613	688	4	0.6911	117.067
466	544	4	0.8657	-8.512
544	857	4	0.8727	8.511
486	613	4	0.693	-10.490
486	542	4	0.6565	57.043
613	721	4	0.6724	11.484
613	857	4	0.8314	10.990
466	613	4	0.8344	-10.991
542	847	4	0.6589	106.556
751	1008	5	0.8292	14.015
428	750	5	0.9532	0.000
174	477	5	0.8934	14.016
109	428	5	0.9636	0.000
109	174	5	0.9442	-0.000
109	751	5	0.7987	0.001
108	174	5	0.7765	0.000
428	1008	5	0.9239	14.016
170	477	5	0.9012	-0.000
170	1008	5	0.9284	-0.000
667	750	5	0.9337	0.001
174	667	5	1.0	-0.001
428	477	5	0.9036	14.016
174	1008	5	0.9102	14.016
667	1008	5	0.9093	14.017
750	1008	5	0.9096	14.016
108	750	5	0.7755	0.001
477	751	5	0.809	-14.015
108	109	5	0.7832	0.000
665	1008	5	0.9385	-0.001
109	477	5	0.9041	14.016
477	750	5	0.9028	-14.016
170	174	5	0.9117	-14.017
109	170	5	0.9364	14.016
170	428	5	0.9277	-14.016
108	170	5	0.8032	14.017
170	750	5	0.927	-14.016
174	428	5	0.9447	0.001
428	667	5	0.9447	-0.001
477	665	5	0.9063	0.001
477	667	5	0.8934	-14.017
174	665	5	0.9182	14.017
174	751	5	0.8023	0.001
428	751	5	0.8073	0.000
109	750	5	0.9631	0.000
109	667	5	0.9442	-0.001
108	428	5	0.7856	0.001
108	1008	5	0.7888	14.016
750	751	5	0.7955	0.000
108	751	5	0.8866	0.001
170	667	5	0.9127	-14.017
108	477	5	0.7963	14.016
665	751	5	0.8334	-14.016
667	751	5	0.8023	0.001
109	665	5	0.9216	14.017
477	1008	5	0.9181	0.000
108	667	5	0.7765	-0.001
170	751	5	0.8307	-14.016
428	665	5	0.9248	14.017
665	750	5	0.9153	-14.016
170	665	5	0.9244	0.001
665	667	5	0.9182	-14.018
108	665	5	0.8032	14.017
109	1008	5	0.9237	14.016
174	750	5	0.9337	0.001
161	182	6	0.7062	-63.995
161	178	6	0.7728	-48.001
104	378	6	0.7651	-33.985
111	433	6	0.912	0.000
354	433	6	0.9186	-0.001
178	182	6	0.8283	-15.995
161	354	6	0.7904	-48.001
111	354	6	0.9073	0.001
354	378	6	0.9173	0.000
104	160	6	0.7241	18.009
104	354	6	0.7943	-33.986
182	354	6	0.824	15.995
178	378	6	0.917	0.000
161	433	6	0.7759	-48.001
104	433	6	0.7744	-33.986
104	178	6	0.7805	-33.986
111	378	6	0.9109	0.001
111	178	6	0.9141	0.001
111	161	6	0.7748	48.001
182	378	6	0.8177	15.995
100	160	6	1.0	-0.000
104	182	6	0.7085	-49.980
182	433	6	0.8394	15.994
104	111	6	0.7708	-33.986
100	104	6	0.7241	-18.009
378	433	6	0.9274	-0.001
111	182	6	0.8262	-15.994
178	354	6	0.917	0.000
161	378	6	0.7604	-48.000
104	161	6	0.9312	14.015
178	433	6	0.9281	-0.001
457	701	7	0.7658	0.986
82	493	7	0.7721	-23.015
151	1125	7	0.8177	-78.045
125	872	7	0.7108	-18.010
82	473	7	0.8669	15.995
8	1078	7	0.9191	-0.000
286	350	7	0.8138	52.030
997	1041	7	1.0	0.000
366	805	7	0.8592	-31.041
125	246	7	0.7061	-15.981
11	82	7	0.8669	-15.995
997	1114	7	0.699	-119.047
286	457	7	0.856	51.043
125	366	7	0.8084	-46.006
366	1089	7	0.8096	-45.045
125	196	7	0.738	-87.067
125	248	7	0.8517	-28.979
151	208	7	0.8177	-78.046
1041	1114	7	0.699	-119.048
740	997	7	0.9311	-0.000
130	447	7	0.8401	46.006
148	1125	7	0.7121	-94.040
208	657	7	0.8321	78.045
285	576	7	0.7433	-213.071
196	674	7	0.9452	-0.000
366	1163	7	0.8226	46.006
248	1163	7	0.7769	28.979
285	286	7	0.8321	-52.029
130	740	7	0.8425	-31.041
304	1163	7	0.7376	28.979
148	657	7	0.7371	-15.995
285	1109	7	0.7036	29.975
125	130	7	0.8163	-46.006
740	1089	7	0.7498	-14.004
130	473	7	0.7799	-15.995
740	1163	7	0.7096	77.047
208	1125	7	1.0	0.001
576	701	7	0.7433	213.071
10	11	7	0.8358	-17.027
1125	1161	7	0.967	-87.042
208	1114	7	0.9721	14.989
192	246	7	0.8052	15.995
82	723	7	0.8669	15.995
286	811	7	0.7836	52.031
366	473	7	0.7765	-15.995
8	246	7	0.7356	15.994
285	701	7	1.0	-0.001
11	723	7	1.0	-0.000
576	1109	7	0.7553	243.047
811	1109	7	0.6642	29.974
196	449	7	0.9002	-15.995
125	447	7	0.9436	0.000
148	1089	7	0.6874	25.992
350	811	7	0.8874	0.001
148	805	7	0.6725	39.996
447	1163	7	0.9397	0.000
1042	1090	7	1.0	0.000
366	447	7	0.8318	46.006
350	576	7	0.7303	-213.072
151	1114	7	0.8687	-63.056
8	192	7	0.9191	-0.000
1089	1114	7	0.6917	-105.043
701	809	7	0.7239	29.976
125	304	7	0.7944	-28.979
285	457	7	0.7658	-0.987
148	151	7	0.7481	-15.995
1114	1125	7	0.9721	-14.989
740	1041	7	0.9311	0.000
130	805	7	0.8509	-31.041
148	1114	7	0.7561	-79.051
130	997	7	0.8591	-31.041
192	1078	7	1.0	0.000
285	809	7	0.7239	29.976
91	674	7	0.9033	15.995
11	473	7	1.0	0.000
473	723	7	1.0	-0.000
809	811	7	0.7245	-29.974
366	1041	7	0.8656	-31.040
493	723	7	0.7247	39.010
196	1163	7	0.6955	87.068
148	997	7	0.712	39.996
805	1163	7	0.7038	77.047
449	674	7	0.9065	15.995
805	997	7	0.9619	-0.000
657	1161	7	0.8533	-165.087
10	723	7	0.8358	-17.027
130	1163	7	0.8305	46.006
447	872	7	0.7049	-18.010
130	366	7	0.9896	0.000
148	1041	7	0.712	39.996
740	805	7	0.9367	0.000
366	997	7	0.8656	-31.041
1041	1168	7	0.6678	-57.533
805	1168	7	0.655	-57.533
1090	1168	7	0.6793	-26.029
997	1168	7	0.6678	-57.533
576	811	7	0.6949	213.073
809	1109	7	0.6781	-0.000
457	809	7	0.6642	30.962
457	576	7	0.813	-212.085
805	1089	7	0.7513	-14.004
286	701	7	0.8321	52.029
6	872	7	0.9233	-2.015
130	1089	7	0.7975	-45.045
350	457	7	0.7374	-0.987
286	809	7	0.7596	82.005
366	740	7	0.8503	-31.041
285	811	7	0.8802	0.001
148	1161	7	0.7283	-181.082
286	1109	7	0.8006	82.005
1114	1161	7	0.9763	-102.031
350	701	7	0.9468	-0.001
125	1163	7	0.9448	0.000
457	1109	7	0.7071	30.962
91	196	7	0.8876	15.996
148	208	7	0.7121	-94.041
350	809	7	0.7017	29.975
248	447	7	0.8079	28.979
701	1109	7	0.7036	29.976
246	1078	7	0.8052	-15.995
657	1125	7	0.8321	-78.045
125	805	7	0.696	-77.047
657	1114	7	0.8721	-63.056
457	811	7	0.7062	0.988
350	1109	7	0.6834	29.975
997	1089	7	0.7838	-14.004
285	350	7	0.9468	0.001
304	447	7	0.756	28.979
285	723	7	0.6797	129.044
286	576	7	0.9516	-161.042
1041	1089	7	0.7838	-14.004
91	449	7	0.9684	0.000
82	142	7	0.6958	-23.015
208	1161	7	0.967	-87.042
10	473	7	0.8358	-17.027
805	1041	7	0.9619	0.000
576	809	7	0.7061	243.047
1042	1168	7	0.6793	-26.029
151	1161	7	0.8281	-165.087
130	1041	7	0.8591	-31.040
142	493	7	0.9281	-0.000
701	811	7	0.8802	0.002
346	453	8	0.9042	-0.002
164	453	8	0.8947	0.001
164	563	8	0.9325	-0.001
164	346	8	0.9325	0.003
346	563	8	1.0	-0.004
163	563	8	1.0	-0.001
164	950	8	0.7109	43.991
453	950	8	0.68	43.991
346	950	8	0.7073	43.988
163	346	8	1.0	0.003
163	164	8	0.9325	-0.001
163	950	8	0.7073	43.991
563	950	8	0.7073	43.992
453	563	8	0.9042	-0.001
163	453	8	0.9042	0.000
467	513	9	0.7401	-0.501
467	504	9	0.6828	273.651
504	512	9	0.671	-167.574
467	512	9	0.6991	106.076
790	1088	10	0.745	-300.118
817	903	10	1.0	0.000
1094	1149	10	0.9405	-283.090
207	731	10	0.972	0.000
527	1084	10	0.9554	15.978
608	879	10	0.7945	79.965
508	1120	10	0.904	15.996
484	903	10	0.8881	40.003
505	831	10	0.9329	-40.005
527	731	10	0.8884	-31.963
507	831	10	0.9177	-15.995
708	1003	10	0.9277	0.001
507	854	10	0.942	-0.000
762	1084	10	0.9648	15.977
974	1037	10	0.8152	-0.002
484	854	10	0.914	15.992
762	1120	10	0.8915	-276.032
484	507	10	0.8949	15.993
879	1037	10	0.7314	-15.995
484	508	10	0.9592	-0.003
854	855	10	0.9065	-15.994
926	1037	10	0.7951	-40.006
527	874	10	0.9664	45.988
708	926	10	0.8626	0.000
731	874	10	0.8793	77.951
113	495	10	0.9219	0.001
207	874	10	0.8904	77.951
731	762	10	0.8952	31.964
902	926	10	0.868	-0.000
262	790	10	0.7651	17.028
505	926	10	0.8525	0.985
262	678	10	0.7993	221.136
708	879	10	0.8141	-24.011
505	1120	10	0.8772	-24.009
974	1055	10	0.8096	40.005
262	1088	10	0.9239	-283.090
207	209	10	0.8757	-15.995
507	527	10	0.8718	276.033
205	831	10	0.8982	-306.025
854	1120	10	0.9364	0.001
508	817	10	0.8803	40.005
505	855	10	0.9134	-40.005
507	855	10	0.9029	-15.995
902	974	10	0.7859	-40.005
505	508	10	0.9281	-40.005
508	831	10	0.962	0.001
205	209	10	0.9581	-61.955
484	1120	10	0.8934	15.993
902	1003	10	0.9418	0.001
731	827	10	0.8707	30.978
879	974	10	0.8686	-15.993
507	508	10	0.8955	-15.995
708	902	10	0.9436	0.000
113	874	10	0.6556	97.028
507	903	10	0.8537	24.010
926	1055	10	0.8671	0.000
505	903	10	0.9148	0.000
527	1120	10	0.879	-276.032
505	817	10	0.9148	0.000
204	1084	10	0.9554	-14.014
508	709	10	0.8822	40.006
209	855	10	0.8904	-244.069
708	1152	10	0.8626	0.000
926	1152	10	1.0	0.000
207	827	10	0.8831	30.978
817	1152	10	0.8133	0.985
505	709	10	0.9164	0.001
974	1003	10	0.8115	40.005
204	205	10	0.9362	-15.995
209	678	10	0.8738	-0.000
711	1003	10	0.7198	80.952
709	817	10	0.897	-0.001
831	1120	10	0.9156	15.995
204	874	10	0.9566	15.995
903	1152	10	0.8133	0.985
762	827	10	0.9698	-0.986
505	507	10	0.8863	-24.010
903	926	10	0.8133	0.985
817	926	10	0.8133	0.985
709	903	10	0.897	-0.001
205	855	10	0.8908	-306.024
902	1055	10	0.9452	0.000
879	1055	10	0.815	24.012
1003	1055	10	0.9245	-0.000
508	903	10	0.8803	40.005
112	827	10	0.8964	30.977
527	762	10	0.9844	0.000
207	762	10	0.9075	31.964
31	262	10	0.8775	-283.092
112	874	10	0.902	77.950
902	1152	10	0.868	-0.000
209	831	10	0.8937	-244.069
112	762	10	0.9203	31.963
708	1055	10	0.9364	0.001
508	854	10	0.8861	15.995
709	855	10	0.8928	-40.005
1088	1094	10	0.9136	-283.091
112	204	10	0.9071	61.955
879	902	10	0.8149	24.012
902	1037	10	0.7963	-40.006
507	762	10	0.885	276.033
112	731	10	0.9664	-0.000
855	1120	10	0.9088	15.995
827	854	10	0.8605	-275.048
112	678	10	0.803	-15.995
762	874	10	0.9716	45.987
484	505	10	0.902	40.003
484	831	10	0.9486	-0.002
507	1120	10	0.967	0.001
31	209	10	0.9546	-61.955
831	854	10	0.8895	15.994
209	262	10	0.8777	-221.137
484	709	10	0.8976	40.004
203	205	10	0.8899	-39.022
1003	1037	10	0.8094	-40.007
204	762	10	0.9654	-29.992
1037	1152	10	0.7951	40.006
204	731	10	0.8802	-61.955
731	1084	10	0.8878	47.941
879	1003	10	0.831	24.012
31	203	10	0.8808	39.022
709	1152	10	0.8961	0.984
709	926	10	0.8961	0.984
113	827	10	0.6698	50.055
112	527	10	0.9188	31.963
204	827	10	0.9471	-30.978
1003	1152	10	0.8797	-0.001
112	1084	10	0.9135	47.941
709	1055	10	0.8661	0.985
508	855	10	0.9573	0.001
205	678	10	0.8833	-61.955
926	1003	10	0.8797	0.001
831	855	10	0.9478	0.000
207	1084	10	0.9013	47.941
207	527	10	0.9028	31.963
678	731	10	0.7888	15.995
31	204	10	0.9274	15.995
204	527	10	0.9595	-29.992
484	855	10	0.9668	-0.002
112	209	10	0.8858	-15.995
527	827	10	0.9539	-0.986
31	678	10	0.8911	-61.956
1055	1152	10	0.8671	-0.000
31	205	10	0.9868	-0.000
112	207	10	0.9779	-0.001
827	874	10	0.9526	46.973
262	484	10	0.8923	-22.931
204	207	10	0.8907	-61.955
205	262	10	0.8878	-283.092
709	831	10	0.9077	-40.005
140	407	11	0.934	0.000
140	323	11	0.9314	14.016
429	668	11	0.836	-0.000
136	403	11	0.94	0.000
403	559	11	0.666	-18.045
429	1005	11	0.6926	27.995
83	140	11	0.8661	-14.016
407	726	11	0.8154	-24.001
147	327	11	0.817	24.000
83	368	11	0.9748	0.000
368	407	11	0.9142	-14.016
323	726	11	0.833	-38.017
87	327	11	0.9301	-0.000
87	140	11	0.891	0.000
328	653	11	0.7311	2.016
137	407	11	0.8543	-14.016
349	1030	11	0.6555	-37.982
349	429	11	0.7542	-12.001
147	726	11	1.0	0.000
137	726	11	0.8322	-38.017
83	475	11	0.8361	-38.016
324	475	11	0.8345	-38.016
144	147	11	0.8755	-9.985
137	323	11	0.9836	-0.000
323	407	11	0.9212	-14.016
83	327	11	0.9012	-14.016
83	323	11	0.9721	0.000
83	87	11	0.8312	-14.016
323	368	11	0.9821	0.000
668	1005	11	0.665	27.995
87	137	11	0.8448	14.017
403	404	11	0.8007	-0.046
144	654	11	0.8602	0.000
323	475	11	0.833	-38.016
140	324	11	0.8705	14.016
400	739	11	0.8711	0.000
324	327	11	0.9179	-14.016
403	654	11	0.6741	-32.024
324	726	11	0.8345	-38.017
349	654	11	0.7167	74.036
87	951	11	0.7006	-30.010
136	404	11	0.7831	-0.045
136	911	11	0.7901	-43.988
656	945	11	0.8523	0.000
79	990	11	0.9308	-0.000
653	1128	11	0.6668	-51.996
144	653	11	0.8167	15.995
656	865	11	0.8234	14.015
144	726	11	0.8755	-9.985
140	327	11	0.9119	-0.000
137	475	11	0.8322	-38.016
324	368	11	0.9798	0.000
400	724	11	0.8519	-0.000
400	652	11	0.8148	14.015
652	724	11	0.7407	-14.016
137	324	11	0.986	-0.000
147	368	11	0.8098	38.017
724	739	11	0.8195	0.000
140	368	11	0.9181	14.016
349	668	11	0.7224	-12.001
87	368	11	0.8966	14.017
147	475	11	1.0	0.000
323	324	11	0.9907	0.000
403	653	11	0.727	-16.029
323	327	11	0.9185	-14.016
327	726	11	0.817	-24.000
87	324	11	0.8398	14.016
653	654	11	0.7738	-15.995
324	407	11	0.8513	-14.016
429	654	11	0.7659	86.036
87	865	11	0.6902	-15.995
865	945	11	0.8632	-14.015
137	368	11	0.9751	0.000
400	653	11	0.6901	-28.031
654	668	11	0.7403	-86.036
83	324	11	0.9769	0.000
140	475	11	0.8454	-24.000
652	739	11	0.8191	-14.015
79	368	11	0.8109	-18.010
83	407	11	0.8453	-14.016
559	653	11	0.7894	2.016
140	726	11	0.8454	-24.000
87	407	11	0.8945	0.000
83	726	11	0.8293	-38.017
349	1005	11	0.7219	15.994
137	327	11	0.9202	-14.017
83	137	11	0.9725	0.000
403	958	11	0.6765	3.012
327	368	11	0.8986	14.017
429	1030	11	0.6582	-25.982
403	911	11	0.792	-43.989
475	726	11	1.0	-0.000
87	323	11	0.9177	14.016
327	407	11	0.9025	0.000
144	475	11	0.8675	-9.985
137	140	11	0.8746	-14.016
136	958	11	0.6636	3.012
328	559	11	0.9311	0.000
407	475	11	0.8154	-24.000
90	560	12	0.6914	-3.027
90	409	12	0.7266	0.000
198	1026	12	0.8509	-0.000
143	198	12	0.8647	0.000
560	839	12	0.8291	0.000
90	330	12	0.668	-3.027
409	839	12	0.7383	-3.027
334	1026	12	0.661	14.015
560	561	12	0.6633	-25.980
330	839	12	0.8109	0.000
772	839	12	0.6801	25.980
143	1026	12	0.9046	0.000
329	772	12	0.724	-25.980
330	1026	12	0.8664	0.000
143	329	12	0.8732	0.000
839	1026	12	0.8231	-0.000
329	1026	12	0.8604	-0.000
560	1026	12	0.8681	0.000
198	334	12	0.7008	-14.015
330	772	12	0.685	-25.980
143	334	12	0.7065	-14.015
329	839	12	0.8482	-0.000
198	409	12	0.8102	3.027
90	329	12	0.7007	-3.026
143	330	12	0.8812	0.000
330	561	12	0.6677	-25.980
143	409	12	0.7707	3.027
329	560	12	0.8612	-0.000
198	560	12	0.8665	-0.000
198	772	12	0.7048	-25.980
561	1026	12	0.6633	25.980
143	561	12	0.7183	-25.980
329	561	12	0.7354	-25.981
560	772	12	0.6836	-25.980
330	409	12	0.7921	3.027
143	772	12	0.6856	-25.980
329	409	12	0.8196	3.027
198	329	12	0.9302	0.000
334	839	12	0.6992	14.015
198	330	12	0.8598	-0.000
409	1026	12	0.7331	-3.027
326	839	12	0.6583	-11.052
143	839	12	0.7984	0.000
198	561	12	0.704	-25.981
330	560	12	0.8718	0.000
561	772	12	0.791	0.000
329	330	12	0.8754	-0.000
772	1026	12	0.6656	25.980
198	839	12	0.8388	-0.000
143	560	12	0.9065	0.000
409	560	12	0.7555	-3.027
72	978	13	0.6806	-8.498
98	150	14	0.8023	18.011
98	868	14	0.6981	-15.996
98	338	14	0.8023	18.011
135	367	14	0.7797	15.996
98	135	14	0.701	74.036
98	367	14	0.704	90.032
150	338	14	1.0	-0.000
440	442	15	0.7109	-102.032
325	1103	16	0.8183	-0.000
325	371	16	0.7357	-0.001
361	362	17	0.6817	-0.988
362	861	17	0.7159	43.990
434	1073	17	0.9375	-0.000
459	861	17	0.9276	-0.000
361	459	17	0.6672	43.003
459	1073	17	0.9268	-0.000
362	459	17	0.7002	43.991
434	459	17	0.931	-0.000
861	1073	17	0.9198	0.000
362	1073	17	0.708	43.991
362	434	17	0.6974	43.991
434	861	17	0.9369	-0.001
180	356	18	0.7763	-0.001
181	356	18	0.7896	0.000
177	351	18	0.6644	14.974
357	871	18	0.7743	0.000
351	355	18	0.7806	-15.956
351	357	18	0.7104	-29.974
105	962	18	0.8402	-0.000
181	870	18	0.7826	0.001
180	870	18	0.7766	-0.001
351	871	18	0.6918	-29.974
105	106	18	0.7834	-1.970
355	357	18	0.7764	-14.017
106	355	18	0.7851	-29.973
356	870	18	0.7616	0.001
180	181	18	0.833	-0.001
177	180	18	0.6554	-14.048
154	341	19	0.8917	-0.000
154	867	19	0.8913	-0.001
341	867	19	0.8973	-0.000
1061	1126	20	0.6573	0.000
497	677	20	0.69	39.025
895	1061	20	0.6567	0.000
1177	1190	20	0.6677	-0.000
494	677	20	0.6609	0.250
677	895	20	0.6566	-0.000
676	895	20	0.6656	0.000
1126	1186	20	1.0	0.000
1061	1186	20	0.6573	0.000
814	1177	20	1.0	0.000
494	1061	20	0.6732	0.250
497	1177	20	0.6547	-67.371
497	814	20	0.656	-67.371
814	1190	20	0.666	0.000
387	597	21	0.7086	-21.985
282	401	22	0.9848	0.000
80	401	22	0.9862	-0.000
74	249	22	0.9203	-17.027
729	993	22	0.9306	2.050
74	472	22	0.9345	0.000
7	247	22	0.9084	-0.000
80	84	22	0.9093	-17.027
74	281	22	0.8959	-18.959
249	981	22	0.9203	17.027
7	1057	22	0.8769	-0.000
252	406	22	0.9912	-0.000
369	406	22	0.9915	-0.000
406	695	22	0.9941	0.000
694	695	22	0.9018	-17.027
472	1057	22	0.8365	-1.979
80	406	22	0.9109	-17.027
89	408	22	0.9822	0.000
74	1123	22	0.7636	0.000
15	138	22	0.9915	0.000
80	250	22	0.9883	0.000
281	1123	22	0.7219	18.959
138	729	22	0.9254	-2.051
134	694	22	0.9857	0.000
12	80	22	0.9885	0.000
369	729	22	0.9253	-2.051
16	993	22	0.8945	2.051
401	694	22	0.9871	0.000
84	138	22	0.9919	0.000
74	282	22	0.8339	-43.990
15	694	22	0.9089	17.027
406	993	22	0.9919	-0.000
281	472	22	0.8995	18.959
15	252	22	0.9927	0.000
12	401	22	0.9881	0.000
694	991	22	0.9834	-0.000
406	729	22	0.9266	-2.051
250	991	22	0.9843	-0.001
369	993	22	0.9889	-0.001
252	695	22	0.9936	-0.000
250	401	22	0.9875	-0.000
138	993	22	0.9901	-0.001
15	695	22	0.9948	-0.000
15	406	22	0.9935	-0.000
74	247	22	0.7269	-1.979
252	729	22	0.9227	-2.051
80	282	22	0.9883	-0.000
84	406	22	0.9931	0.000
16	138	22	0.8928	2.051
406	694	22	0.9034	17.027
84	729	22	0.9242	-2.051
189	1057	22	0.8732	0.000
134	729	22	0.8991	-19.077
134	991	22	0.9834	-0.000
134	401	22	0.9882	0.000
249	281	22	0.9533	-1.932
250	282	22	0.9884	-0.000
401	991	22	0.986	-0.000
247	1057	22	0.9225	0.000
80	991	22	0.9857	-0.001
89	281	22	0.8498	54.060
695	729	22	0.9299	-2.051
134	282	22	0.9871	0.000
7	472	22	0.8152	1.979
282	991	22	0.9868	-0.000
80	134	22	0.9879	-0.000
84	369	22	0.9917	0.000
16	729	22	0.9157	0.000
250	694	22	0.986	-0.000
138	250	22	0.8872	17.027
15	729	22	0.926	-2.051
252	369	22	0.9923	-0.000
7	991	22	0.8174	-42.012
7	189	22	0.8953	-0.000
249	408	22	0.8764	-55.991
84	993	22	0.9918	-0.000
89	249	22	0.8785	55.992
12	250	22	0.9901	0.000
282	981	22	0.8339	43.990
80	694	22	0.9848	-0.000
84	252	22	0.9923	0.000
369	695	22	0.9933	-0.000
138	369	22	0.991	-0.000
15	369	22	0.9925	0.000
84	695	22	0.9933	0.000
134	250	22	0.9896	0.000
15	80	22	0.9123	17.027
281	981	22	0.8959	18.959
695	993	22	0.9922	-0.000
12	694	22	0.988	0.000
138	252	22	0.9924	-0.000
252	993	22	0.9894	-0.001
138	695	22	0.9921	-0.000
281	408	22	0.8472	-54.059
249	472	22	0.9124	17.027
472	981	22	0.9265	0.000
189	247	22	0.885	0.000
74	981	22	1.0	0.000
12	282	22	0.99	0.000
15	84	22	0.993	-0.000
15	993	22	0.9918	-0.001
12	134	22	0.9911	0.000
247	472	22	0.7969	1.979
138	406	22	0.992	-0.000
247	281	22	0.7818	-16.980
12	991	22	0.9863	-0.000
991	1057	22	0.8306	42.012
282	694	22	0.9851	0.000
247	991	22	0.8417	-42.012
534	764	23	0.7528	44.026
290	764	23	0.7282	88.052
290	624	23	0.7282	88.052
534	624	23	0.7528	44.026
290	534	23	0.8116	44.026
534	880	23	0.7441	-132.079
534	648	23	0.8127	-88.052
648	880	23	0.7701	-44.026
534	972	23	0.6823	88.052
648	764	23	0.6843	132.078
290	648	23	0.711	-44.026
764	972	23	0.7806	44.026
290	880	23	0.7496	-88.052
624	648	23	0.6843	-132.079
624	764	23	1.0	-0.000
624	972	23	0.7806	44.026
251	492	24	0.9506	-0.001
218	225	24	0.9288	-162.051
511	535	24	0.7595	164.042
268	271	24	0.948	-15.993
271	728	24	0.9504	178.043
380	1133	24	0.8333	62.965
218	272	24	0.9281	-162.051
520	810	24	0.9693	-57.959
217	271	24	0.9529	-178.043
42	1079	24	0.8257	2.017
217	506	24	0.9502	146.057
376	810	24	0.9563	-0.001
269	957	24	0.8835	2.016
510	957	24	0.7341	-173.137
547	747	24	0.9511	160.033
122	510	24	0.7689	157.144
218	781	24	0.9291	-162.052
314	628	24	0.9348	0.000
225	781	24	1.0	-0.001
52	940	24	0.9105	146.060
44	547	24	0.9217	-306.089
251	520	24	0.8398	-42.011
500	533	24	0.7192	-29.026
269	1118	24	0.9164	15.992
44	271	24	0.926	-324.100
256	600	24	0.9855	-0.000
52	781	24	0.9323	-15.993
53	781	24	0.8643	54.012
206	810	24	0.9771	-0.000
124	217	24	0.9483	188.065
256	1170	24	0.7342	-57.038
747	1076	24	0.9479	-162.049
225	272	24	0.9433	0.000
268	728	24	0.9467	162.050
535	700	24	0.7378	221.105
700	916	24	0.7278	2.016
42	380	24	0.7356	59.072
42	511	24	0.7879	-164.043
492	520	24	0.837	-42.010
124	271	24	0.9462	10.022
376	520	24	0.972	57.959
483	575	24	0.8482	47.985
500	1133	24	0.8333	62.965
268	747	24	0.9464	162.050
500	700	24	0.696	162.032
50	1118	24	0.7644	1.003
376	526	24	0.9374	-0.001
270	940	24	0.911	146.059
261	535	24	0.8296	-2.016
51	122	24	0.9004	15.994
51	269	24	0.8954	-2.015
533	986	24	0.9926	-0.000
506	547	24	0.9312	-306.090
269	514	24	0.9425	-0.003
42	500	24	0.7356	59.072
781	940	24	0.9297	162.053
52	218	24	0.9133	146.059
492	700	24	0.709	-117.079
380	533	24	0.7192	-29.026
380	986	24	0.7113	-29.026
217	268	24	0.9499	-162.050
268	628	24	0.9312	-0.004
483	533	24	0.8422	47.985
122	123	24	0.8394	-4.023
600	1124	24	0.8495	-30.010
526	810	24	0.9305	0.000
916	971	24	0.7832	-99.068
51	628	24	0.9109	-2.018
380	575	24	0.7083	-29.025
42	700	24	0.7351	221.104
314	957	24	0.9252	2.020
305	1124	24	0.8446	-30.010
49	122	24	0.869	2.017
38	124	24	0.9363	-496.175
266	510	24	0.7762	173.136
52	225	24	0.9318	-15.992
971	1079	24	0.8338	-122.035
38	271	24	0.9353	-486.153
700	1133	24	0.7751	-99.067
307	810	24	0.817	-0.000
51	514	24	0.9347	-2.018
269	628	24	0.949	-0.003
124	728	24	0.9519	188.065
44	747	24	0.943	-146.057
256	1124	24	0.8441	-30.010
38	44	24	0.9409	-162.053
261	916	24	0.7443	221.105
44	628	24	0.9229	-308.111
916	1079	24	0.7443	-221.103
268	547	24	0.9484	2.017
510	511	24	0.9391	-2.010
256	305	24	0.9829	-0.000
520	526	24	0.9391	-57.959
42	261	24	0.8229	2.015
206	520	24	0.9615	57.959
124	547	24	0.9433	28.033
217	728	24	0.9632	-0.000
307	376	24	0.8506	0.000
206	376	24	0.9576	0.000
38	747	24	0.9501	-308.110
218	940	24	0.9443	0.001
53	272	24	0.8555	54.013
728	1076	24	0.946	-162.049
511	881	24	0.8285	2.011
122	1118	24	0.907	-2.017
51	314	24	0.9347	-2.018
38	506	24	0.946	-162.053
506	1076	24	0.931	-308.106
783	1170	24	0.8067	-0.001
380	535	24	0.7371	-59.073
217	747	24	0.968	0.000
225	940	24	0.9283	162.052
500	986	24	0.7113	-29.026
52	1118	24	0.8795	15.995
305	700	24	0.7005	-57.057
256	524	24	0.9475	-14.014
44	124	24	0.9199	-334.122
124	268	24	0.9477	26.016
270	272	24	0.9288	-15.993
206	526	24	0.9363	-0.000
483	986	24	0.8445	47.984
520	733	24	0.848	42.011
261	1079	24	1.0	0.002
305	524	24	0.9428	-14.014
305	1170	24	0.7278	-57.038
628	1076	24	0.9247	0.005
524	1170	24	0.7261	-43.024
500	535	24	0.7371	-59.073
49	1118	24	0.92	0.000
51	957	24	0.9544	0.002
42	1133	24	0.8809	122.037
307	520	24	0.8291	57.959
50	122	24	0.8296	3.020
217	547	24	0.9479	-160.032
42	535	24	0.9808	-0.001
124	747	24	0.9491	188.066
600	1170	24	0.7339	-57.038
307	526	24	0.804	-0.001
535	541	24	0.6623	-136.961
38	728	24	0.947	-308.110
269	314	24	0.9425	-0.003
547	1076	24	0.9496	-2.017
535	1133	24	0.8734	122.038
271	506	24	0.9354	324.100
506	728	24	0.9493	-146.057
38	268	24	0.9382	-470.160
269	272	24	0.8676	-15.995
492	733	24	0.9769	0.000
547	728	24	0.9519	160.032
52	270	24	1.0	0.001
728	747	24	0.9671	0.000
380	500	24	1.0	-0.000
575	986	24	0.988	-0.001
44	728	24	0.9384	-146.057
206	307	24	0.8194	0.000
271	1076	24	0.9463	15.994
42	541	24	0.6686	-136.962
122	957	24	0.8826	-15.992
49	269	24	0.9024	-15.992
514	628	24	0.9348	-0.000
38	1076	24	0.9352	-470.159
270	781	24	0.9319	-15.994
700	733	24	0.6979	117.079
225	270	24	0.9322	15.993
971	1133	24	0.8622	-2.015
44	506	24	0.9682	0.000
600	700	24	0.7063	-57.058
217	1076	24	0.946	-162.049
38	547	24	0.9306	-468.142
256	700	24	0.7137	-57.058
124	1076	24	0.9446	26.016
524	600	24	0.951	14.014
305	600	24	0.976	0.000
533	575	24	0.9864	0.001
535	1079	24	0.8294	2.018
272	940	24	0.9219	162.052
51	510	24	0.7445	173.138
49	50	24	0.7624	-1.003
271	547	24	0.9504	18.011
261	971	24	0.8338	122.036
314	514	24	1.0	0.000
524	1124	24	0.9023	-15.996
52	272	24	0.9291	-15.992
268	506	24	0.9364	308.107
251	733	24	0.9523	-0.000
268	1076	24	0.9574	0.001
272	781	24	0.9446	-0.001
218	270	24	0.9142	-146.058
124	506	24	0.9283	334.123
506	747	24	0.9499	-146.057
500	575	24	0.7083	-29.025
271	747	24	0.952	178.043
38	217	24	0.9463	-308.110
514	957	24	0.925	2.020
44	217	24	0.9384	-146.057
363	955	25	0.7191	-0.000
462	955	25	0.6893	-0.000
363	462	25	0.664	-0.000
363	968	25	0.6924	-0.001
462	968	25	0.7085	-0.001
955	968	25	0.7498	-0.001
436	953	26	0.8843	-0.000
567	776	26	1.0	0.000
460	567	26	0.8483	-0.000
436	460	26	0.8795	0.001
436	1075	26	0.8789	-0.002
436	793	26	0.8797	0.000
379	460	26	0.8766	0.000
436	567	26	0.8724	0.000
379	436	26	0.9159	-0.000
460	776	26	0.8483	0.000
460	953	26	0.8542	-0.001
793	953	26	0.8554	-0.001
436	776	26	0.8724	0.001
379	567	26	0.9176	0.000
776	1075	26	0.8867	-0.002
460	793	26	0.8528	-0.000
567	1075	26	0.8867	-0.002
379	776	26	0.9176	0.000
776	953	26	0.8708	-0.001
379	1075	26	0.9102	-0.002
776	793	26	0.8673	-0.000
379	953	26	0.909	-0.001
953	1075	26	0.8737	-0.001
567	953	26	0.8708	-0.001
460	1075	26	0.8692	-0.002
793	1075	26	0.864	-0.002
567	793	26	0.8673	-0.000
379	793	26	0.9027	-0.000
741	860	27	0.9727	-0.000
603	815	27	0.9441	0.000
94	860	27	0.9883	-0.000
438	519	27	0.6895	179.078
482	752	27	0.9123	0.000
22	1077	27	0.9533	17.027
480	763	27	0.9537	0.001
94	885	27	0.9764	-0.001
528	697	27	0.9685	103.963
572	758	27	0.9713	138.016
339	758	27	0.9325	17.027
529	594	27	0.9534	18.010
995	1176	27	0.7907	-0.064
94	741	27	0.9735	-0.000
288	719	27	0.6653	-354.094
758	763	27	0.9419	-138.016
36	763	27	0.9577	-17.026
36	571	27	0.9899	0.001
531	1176	27	0.8273	-0.064
752	815	27	0.9647	0.001
519	741	27	0.9422	-17.026
519	705	27	0.8815	-138.016
741	885	27	0.9892	-0.001
339	741	27	0.9869	0.000
531	954	27	0.846	0.000
435	594	27	0.9682	-17.027
528	703	27	0.9939	-0.001
954	995	27	0.8213	-0.000
496	763	27	0.9665	-17.026
22	339	27	1.0	0.000
219	767	27	0.8556	0.001
571	703	27	0.9939	-0.001
480	593	27	0.973	17.026
595	745	27	0.8495	-0.000
435	480	27	0.9682	-17.027
611	766	27	0.9685	-0.000
593	703	27	0.988	0.000
611	705	27	0.7987	354.095
572	705	27	0.9423	0.000
339	885	27	0.9888	-0.000
22	885	27	0.9888	-0.000
885	1077	27	0.9418	17.027
435	860	27	0.9624	103.963
571	593	27	0.9899	-0.001
309	815	27	0.9486	0.000
94	414	27	0.991	0.000
745	1077	27	0.7168	179.079
573	603	27	0.9167	0.000
496	528	27	0.9924	0.000
528	593	27	0.9899	-0.001
36	528	27	0.9899	0.001
745	995	27	0.8995	0.001
309	752	27	0.9521	-0.000
435	703	27	0.9877	-0.001
438	954	27	0.8549	0.000
438	745	27	0.9203	-0.001
480	594	27	1.0	0.000
260	815	27	0.9534	-0.000
954	1176	27	0.7575	-0.064
573	752	27	0.898	0.000
339	697	27	0.9845	0.000
571	697	27	0.9685	103.963
339	414	27	0.9826	0.001
438	1176	27	0.8212	-0.064
289	815	27	0.946	0.000
528	571	27	1.0	0.000
519	745	27	0.6947	-179.079
482	758	27	0.8091	242.010
519	885	27	0.9421	-17.027
745	1176	27	0.8114	-0.063
94	339	27	0.9849	-0.001
36	435	27	0.9828	0.001
482	519	27	0.7658	242.009
697	860	27	0.9852	0.000
758	1077	27	0.924	-0.000
289	573	27	0.9102	-0.001
593	763	27	0.9577	-17.025
482	705	27	0.8333	103.994
594	703	27	0.9726	17.026
529	815	27	0.9388	-85.983
697	885	27	0.9772	-0.000
260	289	27	0.9419	-0.000
496	593	27	0.9889	-0.001
94	435	27	0.9699	-103.963
595	995	27	0.8617	0.000
219	577	27	0.8829	0.001
435	571	27	0.9887	0.000
482	611	27	0.8216	-250.101
36	496	27	0.9889	0.000
531	595	27	0.8566	-0.000
289	309	27	0.9655	-0.000
22	697	27	0.9845	0.000
482	573	27	0.8719	0.000
595	1176	27	0.7523	-0.063
435	593	27	0.9828	-0.001
36	480	27	0.973	-17.026
414	860	27	0.9862	-0.000
572	763	27	0.9412	0.000
289	752	27	0.9522	-0.001
22	94	27	0.9849	0.001
36	593	27	1.0	-0.000
36	594	27	0.973	-17.026
339	519	27	0.9507	17.027
719	767	27	0.8876	0.001
22	860	27	0.9834	0.000
593	860	27	0.9586	103.964
437	705	27	0.7231	0.000
705	995	27	0.7022	-41.062
577	767	27	0.9355	0.000
22	414	27	0.9826	0.001
703	763	27	0.967	-17.026
519	758	27	0.9408	0.000
309	573	27	0.9072	-0.001
339	860	27	0.9834	0.000
289	603	27	0.9674	-0.000
414	697	27	0.9867	-0.000
94	528	27	0.9734	-103.963
519	1077	27	0.9818	0.000
480	496	27	0.9741	17.027
435	496	27	0.9862	-0.000
94	697	27	0.9916	-0.000
288	519	27	0.6894	142.971
435	528	27	0.9887	0.000
94	571	27	0.9734	-103.963
705	1077	27	0.8816	138.016
438	595	27	0.8599	-0.000
603	752	27	0.949	-0.000
260	603	27	0.9447	-0.001
414	496	27	0.9657	-103.964
414	741	27	0.9727	-0.000
260	752	27	0.9434	-0.001
571	594	27	0.9731	-17.027
593	594	27	0.973	-17.026
414	885	27	0.9744	-0.001
22	741	27	0.9869	0.001
438	995	27	0.9197	0.000
309	603	27	0.9708	-0.000
496	703	27	0.9905	-0.000
260	309	27	0.9488	-0.000
496	594	27	0.9741	-17.026
36	703	27	0.988	0.000
480	528	27	0.9731	17.027
577	719	27	0.9161	-0.000
482	766	27	0.844	-250.101
496	571	27	0.9924	0.000
528	594	27	0.9731	-17.027
482	1077	27	0.7912	242.009
705	758	27	0.9454	138.016
480	703	27	0.9726	17.026
531	745	27	0.9189	-0.001
531	995	27	0.8989	0.000
480	529	27	0.9534	-18.010
752	766	27	0.8822	-250.101
414	703	27	0.9659	-103.964
705	766	27	0.8384	-354.095
438	531	27	0.9418	-0.000
860	885	27	0.9754	-0.001
219	719	27	0.8761	0.000
595	954	27	0.7921	0.001
741	1077	27	0.9403	17.026
745	954	27	0.8486	0.001
758	1132	27	0.8097	-120.989
697	741	27	0.975	0.000
594	763	27	0.9537	0.000
339	1077	27	0.9533	17.027
480	571	27	0.9731	17.027
287	644	28	0.9327	0.000
287	844	28	0.8949	0.000
623	644	28	0.9292	0.000
287	623	28	0.9433	0.000
287	920	28	0.9433	0.000
623	920	28	1.0	-0.000
644	920	28	0.9292	-0.000
644	844	28	0.8908	-0.000
844	920	28	0.8889	0.000
623	844	28	0.8889	-0.000
673	970	29	0.7957	-64.047
876	1063	29	0.9304	-0.000
523	936	29	0.7768	-0.000
523	1130	29	0.7956	-0.001
673	985	29	0.7924	-64.047
807	1108	29	0.9	-0.000
1063	1188	29	0.8969	0.000
673	804	29	1.0	0.000
876	1130	29	0.7847	126.570
523	804	29	0.7755	64.047
970	1108	29	0.9	-0.000
936	970	29	0.8753	-0.000
523	1182	29	0.7711	64.046
706	1130	29	0.7859	126.570
970	1188	29	0.7783	-126.570
804	970	29	0.7957	-64.047
698	985	29	0.8876	0.000
807	1188	29	0.7783	-126.570
936	1182	29	0.8014	64.047
970	1130	29	0.8749	-0.000
523	985	29	0.805	-0.000
985	1182	29	0.7886	64.047
876	1188	29	0.8962	-0.000
804	1108	29	0.819	-64.047
807	1130	29	0.8749	-0.000
673	1182	29	0.8922	-0.000
936	985	29	0.878	-0.000
1108	1182	29	0.7783	64.047
706	1063	29	0.9361	-0.000
804	807	29	0.7957	-64.047
523	673	29	0.7755	64.046
698	1188	29	0.7955	-126.570
673	807	29	0.7957	-64.047
985	1130	29	0.9204	-0.000
706	1188	29	0.9172	-0.000
1108	1130	29	0.888	-0.000
698	876	29	0.795	-126.570
673	1108	29	0.819	-64.047
985	1108	29	0.8875	-0.000
698	936	29	0.9046	0.000
804	936	29	0.8009	-64.047
698	1130	29	0.9094	0.000
698	1063	29	0.7909	-126.570
936	1108	29	0.8872	-0.000
807	985	29	0.8595	0.000
807	1182	29	0.7764	64.047
698	706	29	0.799	-126.570
970	1182	29	0.7764	64.047
936	1130	29	0.8751	-0.000
804	1182	29	0.8922	-0.001
698	1108	29	0.9344	0.000
698	970	29	0.9144	0.000
706	876	29	0.9391	0.000
673	936	29	0.8009	-64.047
804	808	29	0.685	-77.534
1130	1188	29	0.7678	-126.570
807	936	29	0.8753	0.000
698	807	29	0.9144	0.000
970	985	29	0.8595	0.000
523	1108	29	0.7838	-0.001
808	876	29	0.6693	-113.084
807	970	29	1.0	0.000
804	985	29	0.7924	-64.047
332	450	30	1.0	-0.000
564	1022	31	0.6716	0.001
168	1022	31	0.6956	0.000
168	455	31	0.6985	0.001
168	564	31	0.7086	-0.001
455	564	31	0.6864	-0.002
455	1022	31	0.8073	-0.000
900	1146	32	0.7965	0.000
900	1151	32	0.8135	-0.001
1146	1151	32	0.7665	-0.001
941	1102	33	0.6768	-0.000
118	757	34	0.921	0.000
609	714	34	0.9344	0.000
713	715	34	0.9635	0.000
184	922	34	0.8407	14.016
540	714	34	0.9445	0.000
609	712	34	0.9453	0.001
715	1189	34	0.7285	242.079
540	715	34	0.9635	0.000
712	715	34	0.9491	-0.001
185	757	34	0.8695	-0.000
757	922	34	0.8456	14.016
610	714	34	0.9272	-0.000
610	712	34	0.9317	0.000
119	185	34	0.8505	0.001
713	988	34	0.9655	-0.000
119	439	34	0.9187	0.000
539	712	34	0.9321	0.000
184	757	34	0.9264	0.000
120	757	34	0.7804	0.000
609	713	34	0.9655	0.000
610	988	34	0.9689	-0.000
539	609	34	0.9581	-0.001
757	1189	34	0.8685	14.016
119	1189	34	0.8509	14.016
119	757	34	0.9137	0.000
119	186	34	0.893	0.000
540	712	34	0.9354	0.001
118	186	34	0.8994	0.000
120	922	34	0.7172	14.016
184	1189	34	0.8663	14.016
119	682	34	0.8509	14.016
682	1189	34	1.0	0.000
184	439	34	1.0	-0.000
714	715	34	0.937	-0.000
119	120	34	0.7735	0.000
439	757	34	0.9264	0.000
439	922	34	0.8407	14.016
184	185	34	0.8766	0.000
712	988	34	0.9453	-0.001
714	988	34	0.9344	-0.000
118	439	34	0.9009	-0.000
120	184	34	0.783	0.000
539	988	34	0.9581	-0.001
609	610	34	0.9689	0.000
120	439	34	0.783	-0.000
609	988	34	1.0	0.000
119	922	34	0.8265	14.016
118	120	34	0.7669	0.000
439	682	34	0.8663	14.016
540	713	34	1.0	0.000
184	682	34	0.8663	14.016
540	609	34	0.9655	0.000
185	439	34	0.8766	-0.000
118	185	34	0.8459	0.000
118	922	34	0.8146	14.016
715	988	34	0.9684	-0.000
539	715	34	0.9626	-0.001
539	540	34	0.9555	-0.001
185	922	34	0.8153	14.016
713	714	34	0.9445	0.000
186	757	34	0.9181	0.000
609	715	34	0.9684	0.000
439	1189	34	0.8663	14.016
543	610	34	0.6724	140.012
185	1189	34	0.7811	14.016
184	186	34	0.9042	0.000
682	757	34	0.8685	-14.015
540	610	34	0.9555	0.001
119	184	34	0.9187	0.000
539	610	34	0.9484	-0.000
186	682	34	0.8504	14.015
543	714	34	0.6748	140.012
118	119	34	0.893	-0.000
682	922	34	0.8438	0.000
186	439	34	0.9042	-0.000
610	713	34	0.9555	-0.000
186	1189	34	0.8504	14.016
118	682	34	0.8374	14.016
610	715	34	0.9518	-0.000
682	715	34	0.7285	-242.079
185	682	34	0.7811	14.015
186	922	34	0.8268	14.016
120	186	34	0.7516	0.000
540	988	34	0.9655	0.000
120	185	34	0.7657	0.000
712	714	34	0.916	-0.000
539	714	34	0.9245	-0.000
712	713	34	0.9354	-0.001
118	1189	34	0.8374	14.016
922	1189	34	0.8438	-0.000
185	186	34	0.8471	-0.000
118	184	34	0.9009	0.000
539	713	34	0.9555	-0.001
76	692	35	0.9488	0.000
517	569	35	0.9645	0.000
516	592	35	0.932	-0.000
129	398	35	0.9411	0.000
569	592	35	0.9601	-0.000
194	692	35	0.9413	0.000
490	692	35	0.9723	0.000
490	516	35	0.9154	0.000
129	516	35	0.932	0.000
398	490	35	0.9289	-0.000
194	517	35	0.9719	0.000
9	516	35	0.9154	0.000
129	592	35	1.0	-0.000
9	490	35	1.0	0.000
129	517	35	0.9633	0.000
517	592	35	0.9633	-0.000
194	490	35	0.9599	-0.000
129	194	35	0.9425	0.000
398	569	35	0.9366	-0.000
129	692	35	0.9495	0.000
9	592	35	0.9686	-0.000
76	398	35	0.9279	0.000
9	517	35	0.9492	0.000
76	490	35	0.9702	0.000
490	569	35	0.9769	0.000
592	692	35	0.9495	0.000
194	569	35	0.9746	0.000
76	517	35	0.9556	0.000
516	692	35	0.8975	-0.000
398	592	35	0.9411	-0.001
517	692	35	0.933	-0.000
129	490	35	0.9686	0.000
398	517	35	0.9599	-0.000
398	692	35	0.9144	-0.000
490	517	35	0.9492	0.000
76	592	35	0.9593	-0.000
9	569	35	0.9769	0.000
9	76	35	0.9702	0.000
569	692	35	0.9616	-0.000
194	592	35	0.9425	-0.000
9	194	35	0.9599	0.000
490	592	35	0.9686	-0.000
194	398	35	0.9461	0.000
76	569	35	0.9878	0.000
76	129	35	0.9593	0.000
129	569	35	0.9601	0.000
76	194	35	0.9597	0.000
9	129	35	0.9686	0.000
9	398	35	0.9289	0.000
9	692	35	0.9723	0.000
944	1104	36	0.8384	-0.001
620	786	37	0.676	-99.068
26	620	37	0.6805	0.984
786	999	37	1.0	-0.001
999	1017	37	0.9083	-0.000
620	812	37	0.6931	-99.068
1017	1085	37	0.9384	0.005
1017	1174	37	0.904	-0.002
999	1085	37	0.9364	0.005
812	1174	37	0.9099	-0.003
999	1174	37	0.8971	-0.002
1085	1174	37	0.9099	-0.007
620	1017	37	0.6922	-99.068
620	1085	37	0.6931	-99.063
786	1174	37	0.8971	-0.003
25	96	37	0.7364	-2.964
110	620	37	0.6624	61.918
786	812	37	0.9364	0.000
786	1085	37	0.9364	0.004
26	1171	37	0.6817	-71.038
620	1174	37	0.6675	-99.070
812	1017	37	0.9384	-0.001
812	999	37	0.9364	-0.001
620	999	37	0.676	-99.068
786	1017	37	0.9083	-0.001
96	110	37	0.944	-62.985
25	110	37	0.7109	-65.949
812	1085	37	1.0	0.004
554	556	38	0.8047	-28.997
555	556	38	0.9391	-14.019
554	555	38	0.7899	-14.978
179	937	39	1.0	-0.000
265	736	40	0.9755	0.000
47	1040	40	0.8806	101.026
265	761	40	0.9781	0.000
47	265	40	0.9781	0.000
265	545	40	0.9721	-0.001
545	736	40	0.9804	0.001
578	1135	40	0.8185	12.001
263	759	40	0.8119	23.016
545	759	40	0.942	67.005
545	1135	40	0.9721	0.001
759	760	40	0.8055	-23.014
265	1040	40	0.8769	101.026
736	1135	40	0.9755	0.000
759	1040	40	0.8859	34.021
545	1097	40	0.9804	0.001
265	1135	40	1.0	0.000
736	761	40	0.9833	0.000
736	759	40	0.9544	67.005
47	1097	40	0.9833	0.000
263	1097	40	0.8322	-43.989
263	983	40	0.7606	-55.990
545	761	40	0.979	0.001
983	1135	40	0.8185	12.001
263	760	40	0.9699	0.002
759	1135	40	0.9477	-67.004
47	1135	40	0.9781	0.001
761	1135	40	0.9781	0.000
265	1097	40	0.9755	0.000
736	1040	40	0.8897	101.026
759	1097	40	0.9544	-67.005
578	760	40	0.7584	55.991
47	761	40	1.0	0.001
265	983	40	0.8185	-12.001
759	761	40	0.957	-67.005
47	759	40	0.957	67.005
263	578	40	0.7606	-55.990
263	736	40	0.8322	-43.989
578	1040	40	0.8739	113.027
761	1097	40	0.9833	-0.000
545	1040	40	0.8872	101.027
761	1040	40	0.8806	101.026
47	736	40	0.9833	0.000
1040	1135	40	0.8769	-101.026
545	983	40	0.8327	-12.000
736	1097	40	1.0	-0.000
578	761	40	0.8298	12.001
545	578	40	0.8327	-12.000
1097	1135	40	0.9755	0.000
265	578	40	0.8185	-12.001
47	983	40	0.8298	-12.000
265	759	40	0.9477	67.005
761	983	40	0.8298	-12.001
983	1097	40	0.8285	12.001
1040	1097	40	0.8897	-101.026
47	545	40	0.979	-0.000
736	983	40	0.8285	-12.001
983	1040	40	0.8739	113.027
47	578	40	0.8298	-12.000
578	983	40	1.0	-0.000
292	891	41	0.9613	0.000
33	45	41	0.6512	-306.076
34	45	41	0.6512	-306.075
45	292	41	0.9575	-0.000
45	891	41	0.952	0.000
33	34	41	1.0	-0.001
253	642	42	0.8665	0.000
197	448	42	0.8724	0.000
197	642	42	0.8654	-0.000
197	372	42	0.918	0.000
197	253	42	0.918	-0.000
18	372	42	0.8862	0.000
372	448	42	0.8741	0.000
253	372	42	1.0	0.000
18	197	42	0.868	0.000
18	253	42	0.8862	0.000
448	642	42	0.8178	-0.000
253	448	42	0.8741	0.000
372	642	42	0.8665	-0.000
18	448	42	0.8776	0.000
18	642	42	0.8443	0.000
784	965	43	0.6924	-39.957
784	1074	43	0.687	-39.959
965	1074	43	0.8435	-0.002
1158	1159	44	0.6509	-0.326
410	1071	46	0.8082	-0.001
336	727	46	0.6818	-0.000
727	1071	46	0.6595	15.994
78	399	47	0.6578	0.000
81	399	47	0.8639	14.016
78	81	47	0.9038	-14.015
222	264	48	0.9608	0.000
441	746	49	0.905	0.000
666	946	50	0.9025	0.000
666	869	50	0.905	-18.010
430	869	50	0.9537	0.000
425	946	50	0.9032	-0.001
107	666	50	0.9176	-0.001
175	946	50	0.928	18.010
352	425	50	0.9192	18.011
352	426	50	0.8804	18.011
352	430	50	0.9574	-0.000
426	869	50	0.8745	-18.011
107	352	50	0.9373	-18.011
107	425	50	0.9135	0.000
171	425	50	0.9136	0.001
175	666	50	0.9102	18.010
352	666	50	0.9128	18.010
107	175	50	0.9383	-18.011
175	744	50	0.928	18.011
107	946	50	0.9486	-0.001
744	946	50	1.0	-0.001
869	946	50	0.9377	18.010
352	946	50	0.9294	18.010
425	426	50	0.8533	0.000
171	666	50	0.9047	-0.000
175	425	50	0.9077	18.011
666	744	50	0.9042	0.001
175	426	50	0.8825	18.011
107	171	50	0.9075	-0.001
425	666	50	0.9096	-0.001
171	869	50	0.8973	-18.010
425	430	50	0.908	-18.011
426	666	50	0.8605	-0.002
175	352	50	0.9628	0.000
107	869	50	0.9341	-18.011
352	869	50	0.9579	-0.000
175	869	50	0.9592	-0.000
171	352	50	0.9149	-18.010
352	744	50	0.9294	18.011
171	430	50	0.8965	-18.010
107	430	50	0.9337	-18.011
744	869	50	0.9377	-18.011
426	744	50	0.9153	-0.000
430	744	50	0.9291	18.012
426	946	50	0.9153	-0.001
426	430	50	0.8787	-18.012
107	744	50	0.9497	0.000
107	426	50	0.9405	0.001
425	869	50	0.8992	-18.011
430	666	50	0.9122	18.010
171	426	50	0.8502	0.001
175	430	50	0.961	-0.000
171	744	50	0.9144	0.001
425	744	50	0.9032	0.000
171	175	50	0.9023	-18.010
430	946	50	0.9291	18.010
171	946	50	0.9126	0.000
85	1049	51	0.9576	0.002
273	313	52	0.6658	292.119
103	344	53	0.8707	15.996
344	420	53	0.9288	-0.001
452	661	53	0.7992	0.947
345	840	53	0.8032	2.015
167	422	53	0.8599	15.996
419	452	53	0.9147	0.000
562	661	53	0.8185	-0.000
102	742	53	0.7904	0.985
102	1069	53	0.7707	-32.025
157	344	53	0.8557	-2.014
158	343	53	0.8479	2.014
103	159	53	0.8626	15.996
102	419	53	0.6773	14.015
343	840	53	0.9303	0.000
342	452	53	0.7697	-0.948
419	562	53	0.8236	0.947
103	158	53	0.8567	15.996
344	422	53	0.9451	-0.000
345	1069	53	0.7485	-44.026
157	159	53	0.8584	-2.014
165	1069	53	0.7572	-32.026
420	421	53	0.9325	0.000
158	159	53	0.9692	-0.000
167	840	53	0.8554	18.010
422	583	53	0.8413	2.014
375	422	53	0.9454	-0.000
167	344	53	0.8788	15.996
165	994	53	0.7176	-32.026
421	840	53	0.8358	2.015
157	343	53	0.9353	0.000
102	165	53	0.9384	0.000
102	840	53	0.7895	14.016
420	422	53	0.9446	0.000
583	840	53	0.9319	0.000
344	375	53	0.9618	-0.000
344	421	53	0.9308	-0.000
158	420	53	0.9427	-0.000
165	419	53	0.6797	14.015
159	420	53	0.9384	-0.000
375	583	53	0.8528	2.014
165	452	53	0.6796	14.015
342	562	53	0.7793	-0.000
159	167	53	0.8697	-15.996
159	421	53	0.9373	-0.000
103	157	53	0.857	18.010
103	173	53	0.8494	-15.996
157	167	53	0.8598	-18.010
157	840	53	0.9449	0.000
173	1069	53	0.7899	-12.035
994	1069	53	0.7967	0.000
165	742	53	0.7714	0.984
173	994	53	0.7719	-12.035
167	173	53	0.8592	-15.996
159	344	53	0.9661	0.000
102	994	53	0.7191	-32.025
421	422	53	0.9513	0.000
419	661	53	0.7863	0.947
165	840	53	0.7934	14.015
103	840	53	0.8529	18.011
167	420	53	0.8491	15.995
103	375	53	0.8664	15.996
159	375	53	0.9616	0.000
145	345	53	0.7731	-44.026
157	422	53	0.843	-2.015
343	583	53	0.9289	-0.000
342	419	53	0.7558	-0.948
158	375	53	0.9539	-0.000
343	421	53	0.8259	-2.015
375	420	53	0.9328	-0.000
375	421	53	0.9212	-0.000
103	422	53	0.8527	15.996
103	167	53	0.9802	0.000
158	167	53	0.8637	-15.996
342	661	53	0.7962	-0.001
452	1069	53	0.6807	-46.041
159	583	53	0.8617	2.014
344	583	53	0.863	2.014
158	344	53	0.9581	0.000
157	583	53	0.9506	-0.000
23	452	53	0.6518	-18.988
159	422	53	0.9594	-0.000
420	583	53	0.8514	2.015
102	452	53	0.6731	14.015
103	343	53	0.8474	18.010
157	375	53	0.8458	-2.014
158	422	53	0.9641	-0.000
452	562	53	0.8486	0.947
158	583	53	0.8517	2.014
167	375	53	0.8809	15.996
158	421	53	0.9531	-0.000
405	992	54	1.0	0.000
503	1036	55	1.0	0.001
503	816	55	0.6897	-0.252
816	1036	55	0.6897	0.253
837	1014	56	0.6748	-19.007
93	337	57	1.0	0.000
162	841	58	0.8091	-0.001
156	162	58	0.788	-14.017
156	841	58	0.7775	-14.018
69	70	60	0.731	-0.249
381	463	61	0.9174	49.980
39	187	62	0.6924	7.997
39	183	62	0.6887	92.017
183	187	62	0.6684	-84.020
187	780	62	0.6507	-7.997
605	780	62	0.8481	130.640
183	605	62	0.6848	-222.656
39	780	62	0.9424	0.000
39	605	62	0.8753	-130.639
176	479	63	0.9656	0.000
432	479	63	0.9377	0.000
176	431	63	0.9637	0.000
176	432	63	0.9394	0.000
431	432	63	0.9412	-0.000
431	479	63	0.9691	-0.000
606	818	64	0.7223	33.683
924	925	65	0.7482	-0.335
21	969	66	1.0	-0.001
275	276	67	0.6824	-0.250
615	821	71	0.6973	50.529
153	658	72	0.8931	0.000
417	658	72	0.872	-0.000
95	152	72	0.8803	-0.000
153	333	72	0.7239	18.011
152	333	72	0.7402	18.011
153	417	72	0.8164	0.001
415	581	72	0.9178	0.000
417	581	72	0.8386	-0.000
152	415	72	0.9275	0.000
95	153	72	0.8866	-0.000
415	658	72	0.9283	0.000
415	416	72	1.0	0.000
333	417	72	0.7049	-18.010
153	415	72	0.8969	0.000
416	417	72	0.8754	0.001
333	581	72	0.6941	-18.010
416	658	72	0.9283	0.000
153	581	72	0.9079	0.000
152	658	72	0.9132	0.000
416	581	72	0.9178	0.000
333	415	72	0.7446	-18.011
95	333	72	0.7075	18.011
95	416	72	0.8737	-0.000
415	417	72	0.8754	0.001
95	417	72	0.8203	0.000
333	416	72	0.7446	-18.011
152	153	72	0.9194	0.000
333	658	72	0.6988	-18.010
95	415	72	0.8737	-0.000
95	658	72	0.8743	0.000
581	658	72	0.9284	-0.000
153	416	72	0.8969	0.000
152	416	72	0.9275	0.000
152	581	72	0.9207	0.001
152	417	72	0.8569	0.001
95	581	72	0.8822	0.000
382	646	73	1.0	0.000
596	646	73	0.9811	28.032
596	1147	73	0.9241	100.016
382	596	73	0.9811	-28.032
283	584	74	1.0	-0.001
86	619	75	0.9236	17.027
14	619	75	0.9318	0.000
14	86	75	0.9295	-17.027
982	1179	76	0.9026	0.000
464	465	77	0.7862	-110.553
115	966	78	0.7543	0.000
1052	1053	79	0.6536	-0.251
639	640	80	0.7096	-0.251
618	913	81	0.8477	-0.000
193	599	81	0.9217	0.000
193	618	81	0.8477	0.000
618	1143	81	0.871	-0.000
599	618	81	0.871	0.000
193	1143	81	0.9217	0.000
599	1143	81	1.0	0.000
599	913	81	0.9217	-0.000
193	913	81	1.0	0.000
913	1143	81	0.9217	0.000
27	621	83	1.0	-0.000
424	1006	84	0.8251	-0.000
423	1006	84	0.7835	-0.000
423	424	84	0.7708	0.000
172	478	85	0.7266	-0.001
663	743	86	0.919	0.000
743	952	86	0.8618	-0.983
663	952	86	0.8596	-0.983
383	1010	87	0.6699	-148.237
386	1010	87	0.9513	0.000
383	386	87	0.6688	-148.237
383	384	87	0.7985	-0.502
901	1113	88	0.9737	-0.001
625	1113	88	0.9683	-0.000
602	901	88	0.9682	0.001
939	1113	88	0.9265	-0.000
602	939	88	0.9249	-0.000
901	939	88	0.91	-0.001
625	939	88	0.9109	-0.000
625	901	88	0.9507	0.001
602	625	88	0.9702	-0.000
602	1113	88	0.9878	-0.000
461	756	89	0.6556	-0.000
498	704	90	1.0	0.001
127	322	91	0.705	-44.037
585	755	92	0.8175	0.000
499	896	93	0.7114	96.093
214	1046	94	0.7264	0.000
1002	1046	94	0.7035	0.000
536	735	94	0.8395	0.000
311	1002	94	0.8481	-0.001
735	1066	94	0.8455	-0.000
311	536	94	0.8504	-0.000
214	1002	94	0.8685	-0.000
43	1066	94	0.9037	0.000
536	1046	94	0.7269	0.000
43	1002	94	0.8799	-0.000
1002	1066	94	0.8545	0.000
43	735	94	0.8554	0.001
536	1066	94	0.8581	0.000
214	536	94	0.8528	0.000
311	1046	94	0.7084	-0.000
43	214	94	0.8894	0.000
311	1066	94	0.8796	-0.000
43	1046	94	0.6849	0.000
735	1002	94	0.8574	-0.001
214	1066	94	0.8811	0.000
214	735	94	0.8536	0.000
735	1046	94	0.7305	-0.000
43	536	94	0.8759	0.000
536	1002	94	0.8677	-0.000
214	311	94	0.8765	0.000
43	311	94	0.8848	0.001
311	735	94	0.8512	0.000
1046	1066	94	0.6922	-0.000
255	738	95	0.8123	-0.000
188	502	97	0.6615	66.047
385	502	97	0.7163	70.720
582	660	98	0.7011	-0.000
846	875	99	0.6755	126.222
845	875	99	0.784	0.000
845	846	99	0.7013	-126.222
856	1039	100	0.707	23.680
1039	1086	100	0.6808	71.365
412	1067	101	0.6961	-0.000
340	866	102	1.0	-0.000
340	1105	102	0.7111	-0.000
866	1105	102	0.7111	0.000
635	798	103	0.6886	1.002
200	1165	104	0.7698	-1.506
284	675	105	0.9582	0.004
716	717	106	0.663	-0.251
41	215	107	0.9253	-44.026
40	215	107	0.8992	-88.052
40	213	107	0.9647	44.026
40	41	107	0.9492	-44.026
41	213	107	0.9643	88.052
1000	1033	109	0.8601	0.000
680	1033	109	0.898	-0.000
921	1033	109	0.8701	0.000
921	1000	109	0.8485	0.000
680	921	109	0.8894	-0.000
680	1000	109	0.8822	-0.000
29	730	110	0.8727	0.000
834	835	111	0.6717	-0.250
501	853	112	0.8263	-7.003
693	984	113	0.8859	-0.000
699	1059	114	1.0	-0.000
394	598	115	0.8444	-18.011
546	894	116	1.0	0.003
774	1023	117	0.8829	-0.000
795	796	118	0.9325	-26.016
114	947	120	0.8908	0.000
114	359	120	0.8937	-0.001
359	947	120	0.9434	0.001
254	734	121	1.0	-0.000
